{"version":1,"lastPerfBoundaries":[0.001,0.002,0.004,0.006,0.008,0.01,0.015,0.02,0.03,0.05,0.07,0.1,0.15,0.25,"+Inf"],"log":[{"ts":1760891390232,"type":"svBoot","duration":9},{"ts":1760891462969,"type":"data","players":1,"fxsMemory":303.93,"nodeMemory":22.64,"perf":{"svSync":{"count":9474,"sum":0.2240000000000002,"buckets":[9471,1,2,0,0,0,0,0,0,0,0,0,0,0,0]},"svNetwork":{"count":7708,"sum":0.3620000000000003,"buckets":[7706,0,2,0,0,0,0,0,0,0,0,0,0,0,0]},"svMain":{"count":1428,"sum":1.236999999999977,"buckets":[1416,6,2,2,0,0,1,0,0,0,0,0,0,0,1]}}}]}