{"version":1,"lastPerfBoundaries":[0.001,0.002,0.004,0.006,0.008,0.01,0.015,0.02,0.03,0.05,0.07,0.1,0.15,0.25,"+Inf"],"log":[{"ts":1760892156539,"type":"svBoot","duration":21},{"ts":1760892190634,"type":"data","players":0,"fxsMemory":580.69,"nodeMemory":23.33,"perf":{"svSync":{"count":6334,"sum":0.2350000000000002,"buckets":[6330,3,1,0,0,0,0,0,0,0,0,0,0,0,0]},"svNetwork":{"count":5092,"sum":0.3640000000000003,"buckets":[5085,2,4,0,0,0,0,0,1,0,0,0,0,0,0]},"svMain":{"count":679,"sum":2.232999999999991,"buckets":[668,7,1,0,1,0,0,0,0,1,0,0,0,0,1]}}}]}